loss_vf_loss,EpThisIter,loss_pol_surr,TimeElapsed,loss_pol_entpen,loss_kl,iteration,AgentID,selected_iter0,EpisodesSoFar,EpLenMean,ev_tdlam_before,TimestepsSoFar,EpRewMean,loss_ent,selected_iter1
24716.9487712,418,-0.0449962567266,80.38283562660217,,0.0272293601107,0,0,-1,418,116.222488038,0.333285689354,48581,-569.44763781,-0.738647758961,-1
32296.8653564,422,-0.0464589713762,160.74057149887085,,0.02734331515,0,1,-1,422,115.173809524,0.702703505754,48165,-384.079930626,-1.14886796474,-1
16718.2182007,439,-0.0450888093328,241.6995701789856,,0.0272704992288,1,0,0,857,112.496,0.665377765894,97307,-405.858336077,-0.789790391922,0
18193.5560099,412,-0.0458603927691,321.0435981750488,,0.0272582440327,1,1,0,834,115.188,0.784352570772,97716,-360.004383892,-1.14758312702,0
11227.2952474,437,-0.0459557434078,400.4924681186676,,0.027615770426,2,0,1,1294,114.756,0.626616060734,146723,-405.710726619,-0.828395307064,1
11441.7647603,415,-0.0454442663662,481.01154375076294,,0.0289094769396,2,1,1,1249,115.399,0.886213846505,146969,-352.542372622,-1.18731749058,1
9381.00306193,431,-0.0467176212793,561.2480032444,,0.0272689506334,3,0,2,1725,115.991,0.720919400454,195610,-419.004206768,-0.839320480824,1
6462.10955302,432,-0.0448138668338,640.9059948921204,,0.0294383617196,3,1,1,1681,112.741,0.815077185631,195237,-343.842958391,-1.21786749363,2
7669.66698201,423,-0.0483392011374,722.4486598968506,,0.0279735235963,4,0,3,2148,114.056,0.587840020657,244558,-408.7676179,-0.872600078583,1
5799.92711385,448,-0.0437211812192,801.3609991073608,,0.0300337841036,4,1,0,2129,113.841,0.890132501721,245080,-348.686405636,-1.24717116356,3
6503.52704875,413,-0.048478137857,881.9650032520294,,0.0293752951936,5,0,4,2561,115.236,0.760322749615,293936,-404.021902267,-0.903156638145,3
5740.85452271,416,-0.0451748224635,960.8549513816833,,0.031521522246,5,1,2,2545,117.929,0.867750480771,293906,-348.949385943,-1.27952182293,4
4999.65644836,438,-0.0475420952704,1039.7014770507812,,0.0283116568656,6,0,5,2999,115.427,0.832661896944,342972,-407.32491242,-0.930100440979,2
5178.46900431,421,-0.0450626409729,1119.763004541397,,0.0304489777967,6,1,5,2966,114.048,0.873533636332,342842,-327.70162902,-1.31363999844,5
4367.05210876,434,-0.0476196920984,1200.2784397602081,,0.0283036411274,7,0,6,3433,114.918,0.754231616855,392219,-390.541301298,-0.954738497734,1
4379.21513875,426,-0.0450506055883,1279.7370035648346,,0.0308059961147,7,1,4,3392,113.88,0.693347096443,392128,-330.337475794,-1.33894753456,6
4032.06314087,422,-0.0472247535751,1359.5559310913086,,0.029240078642,8,0,7,3855,115.384,0.829700708389,441689,-395.955289998,-0.98042678833,1
4765.91189575,425,-0.0461500492044,1438.6369955539703,,0.0312746245181,8,1,5,3817,117.528,0.856820687652,441564,-336.865993996,-1.36014008522,7
3788.42561849,448,-0.047725454065,1519.328997850418,,0.0301957934862,9,0,8,4303,114.052,0.853345632553,490513,-389.243987101,-1.01799404621,8
4044.24568176,425,-0.0453243482722,1600.1960027217865,,0.0299330859755,9,1,8,4242,113.47,0.716845065355,490256,-325.447529237,-1.38150238991,8
3689.86673991,451,-0.0475738933892,1680.1335487365723,,0.0300254982042,10,0,9,4754,112.894,0.700795590878,540239,-386.260244787,-1.0509955883,9
3700.7357432,431,-0.0455655134671,1761.9830040931702,,0.0305940558513,10,1,2,4673,112.039,0.818211451173,539801,-314.982524516,-1.41677641869,9
3276.13985189,443,-0.047263560545,1843.1611874103546,,0.029127226444,11,0,10,5197,112.523,0.741428107023,588902,-368.118948546,-1.07793915272,10
3917.58384705,423,-0.0456310501128,1924.1147491931915,,0.0308731901459,11,1,2,5096,113.136,0.82410953939,589076,-315.142634212,-1.45358026028,10
3122.3964742,452,-0.048157704868,2003.5479991436005,,0.0300560491548,12,0,11,5649,112.393,0.764248639345,638254,-379.442859469,-1.09981000423,11
3389.69643402,446,-0.0431646633854,2085.312999725342,,0.0309938314604,12,1,8,5542,110.15,0.853221237659,638204,-300.157978076,-1.47848713398,11
3070.86550395,453,-0.04731818859,2165.005761861801,,0.0292059891702,13,0,12,6102,108.321,0.773996159434,687022,-344.819663891,-1.1373282671,1
3671.49010722,452,-0.0459899518367,2245.1079399585724,,0.0299391569958,13,1,3,5994,108.666,0.877865508199,687414,-297.577566754,-1.48868012428,12
2940.73261515,432,-0.0482933269523,2325.1846747398376,,0.0296865721466,14,0,13,6534,112.091,0.788602128625,736652,-356.882860178,-1.16288459301,6
3238.46268209,441,-0.0466677795048,2403.9700756073,,0.0300478922824,14,1,10,6435,112.43,0.92325758934,735834,-291.001324011,-1.51256501675,13
2516.51746877,428,-0.0483373706035,2486.4517283439636,,0.0301683557142,15,0,14,6962,112.227,0.791628837585,785196,-354.11593673,-1.19589316845,7
3187.96157583,444,-0.0453684881019,2566.6016323566437,,0.0288955421808,15,1,6,6879,112.694,0.877837814391,785461,-281.468423651,-1.52320277691,14
2504.57513428,471,-0.0440349633961,2647.8940031528473,,0.0317587799315,16,0,15,7433,108.444,0.786770477891,834741,-337.847006923,-1.21809911728,12
3246.43981934,449,-0.0448608203636,2728.641996860504,,0.0292919481872,16,1,15,7328,108.234,0.651347666979,834417,-288.345336393,-1.54869675636,15
2341.0480779,431,-0.0490427195521,2809.3446340560913,,0.0303706391715,17,0,16,7864,111.537,0.845431730151,883549,-336.263498454,-1.23779368401,0
3576.00145467,459,-0.0454238182477,2890.173002719879,,0.0298749430804,17,1,5,7787,109.744,0.868966937065,882970,-267.493765472,-1.55935657024,16
2343.97394307,442,-0.04762323938,2972.415013551712,,0.0291421162353,18,0,17,8306,108.547,0.828579768538,932553,-328.111245994,-1.26343750954,12
3456.86558533,448,-0.0446457975001,3053.571083545685,,0.0316983967399,18,1,15,8235,110.793,0.917853057384,932971,-273.963741632,-1.57082343102,17
2230.46268717,459,-0.048610607133,3134.2119977474213,,0.030125441961,19,0,18,8765,109.844,0.8010173738,982276,-337.915289645,-1.29428994656,18
3469.59575399,434,-0.0460951206041,3214.022688150406,,0.0305092693307,19,1,7,8669,109.968,0.840319529176,982163,-276.207835323,-1.60086107254,18
2112.60794576,465,-0.0455554141857,3294.529997587204,,0.0303736747398,20,0,19,9230,109.373,0.880610108376,1031656,-329.047833206,-1.31979382038,14
3574.65247599,463,-0.0434610351707,3375.3750228881836,,0.0314114521413,20,1,5,9132,106.759,0.877179309726,1031274,-256.677207987,-1.62131500244,19
2142.98219045,471,-0.0463118033949,3455.7870976924896,,0.0324551916371,21,0,20,9701,104.856,0.795476511121,1080105,-309.188456135,-1.34088993073,12
3267.23918152,452,-0.0451139231736,3537.762979745865,,0.0304962952311,21,1,18,9584,105.635,0.859069406986,1080407,-262.608528645,-1.62616014481,20
1938.95912933,445,-0.0475463177621,3617.0391104221344,,0.0310840645495,22,0,21,10146,108.639,0.832582905889,1129508,-313.823557066,-1.37596559525,9
3045.32900747,463,-0.04345811659,3697.8439683914185,,0.0294122151099,22,1,9,10047,107.99,0.934049278498,1129254,-246.35276743,-1.64710342884,21
2043.10874939,419,-0.045889128698,3778.1489956378937,,0.0311370200167,23,0,22,10565,109.935,0.856812909245,1178661,-301.853261454,-1.39327728748,4
3152.14661662,478,-0.0436112107903,3857.358995437622,,0.0297724429984,23,1,15,10525,109.973,0.869712069631,1178475,-229.863235725,-1.65581536293,22
1928.74344889,441,-0.0465480499746,3939.162634372711,,0.0318020016421,24,0,23,11006,107.974,0.880518510938,1228173,-296.651610818,-1.42828631401,17
2876.21398417,500,-0.0439752012996,4018.3971292972565,,0.0290893182003,24,1,22,11025,105.31,0.698715269566,1227867,-230.540148193,-1.67053043842,23
2033.09962718,464,-0.0472007232214,4096.61891078949,,0.0307820941477,25,0,24,11470,102.463,0.859971567988,1277416,-251.197007854,-1.46823966503,13
3434.11202494,436,-0.0443964510535,4175.529139518738,,0.0306910827057,25,1,17,11461,107.402,0.945421759039,1276143,-242.547361271,-1.67369711399,24
1826.85119883,485,-0.0458187421997,4253.10821890831,,0.0309058000954,26,0,25,11955,105.267,0.812240689993,1326098,-316.362416896,-1.4880656004,8
3256.13223521,461,-0.0444634131078,4330.845507383347,,0.0307528785197,26,1,10,11922,104.149,0.894088961184,1325456,-256.279657977,-1.71301317215,25
1854.73819478,469,-0.0463338285626,4408.797003746033,,0.0305444556676,27,0,26,12424,105.518,0.899121716619,1375412,-295.218527303,-1.51147449017,1
3856.27786255,453,-0.0439509231364,4488.090004444122,,0.0298099305558,27,1,13,12375,107.149,0.907447770238,1375021,-250.242719097,-1.73792207241,26
1963.41220347,480,-0.0452539226389,4565.186994552612,,0.0322751173129,28,0,27,12904,105.524,0.788995936513,1424565,-290.0149613,-1.54620409012,0
3539.52216339,471,-0.0428950496716,4644.2970058918,,0.0287781019385,28,1,0,12846,104.239,0.905883282423,1424889,-236.612414674,-1.75064778328,27
1972.48473612,475,-0.0467974243317,4724.089997053146,,0.031935777554,29,0,28,13379,104.294,0.896479949355,1473192,-269.176237127,-1.5821928978,7
3594.54429626,475,-0.0423596215551,4802.355003356934,,0.0307160490581,29,1,26,13321,102.162,0.926703542471,1473909,-226.886031409,-1.75735533237,28
1879.12566376,487,-0.0457245424526,4881.066024541855,,0.0306266628516,30,0,29,13866,102.356,0.908292554319,1523154,-262.599939465,-1.62542712688,29
3778.40131124,498,-0.0429788690235,4960.060999631882,,0.0289580354001,30,1,9,13819,100.668,0.884637027979,1522727,-227.188093068,-1.76715111732,29
1905.14424133,500,-0.0440090540894,5037.98700261116,,0.0327559630387,31,0,30,14366,97.955,0.859874591231,1572168,-248.779411927,-1.65524303913,11
4207.57214864,455,-0.0438488569149,5117.90696144104,,0.0296884356067,31,1,16,14274,102.245,0.893140144646,1571165,-255.310326026,-1.77844452858,30
2099.02577718,470,-0.0438286305095,5196.742036819458,,0.0305067979886,32,0,31,14836,104.008,0.904896423221,1620958,-277.52786605,-1.67248523235,27
4129.33248393,458,-0.043114645135,5275.2186279296875,,0.030313847897,32,1,7,14732,105.473,0.8859892115,1621071,-229.645612016,-1.78961229324,31
1954.81608582,480,-0.0436866862195,5353.742002248764,,0.0313763219941,33,0,32,15316,105.593,0.844259530306,1670471,-292.215515406,-1.70373308659,19
4525.08943176,484,-0.0418876369464,5431.19012260437,,0.0303891659326,33,1,29,15216,102.36,0.905901908875,1670290,-231.001433321,-1.80112338066,32
2134.94857279,476,-0.0439003535042,5509.931004047394,,0.0323031971153,34,0,33,15792,102.215,0.876964427531,1719307,-253.119844797,-1.74343049526,8
3769.14850871,483,-0.0430006600994,5589.013003110886,,0.0299223101077,34,1,17,15699,101.987,0.922065287828,1719160,-202.712804006,-1.8106405735,33
2101.00245412,478,-0.0431294383695,5668.139564275742,,0.0322546703198,35,0,34,16270,101.7,0.885555647314,1768701,-242.091743521,-1.76857876778,21
3958.47117106,517,-0.0410710981038,5746.398628950119,,0.0290474823754,35,1,17,16216,99.047,0.904683321714,1768363,-192.532457674,-1.82064878941,34
2358.91795349,483,-0.0441330755906,5823.791289806366,,0.0317088292601,36,0,35,16753,98.339,0.894542999566,1817837,-187.741013681,-1.79210591316,26
4023.96193949,489,-0.0404431759186,5902.379990100861,,0.0311681215729,36,1,24,16705,101.758,0.874832868576,1818036,-197.397615688,-1.85119009018,35
2144.71579997,500,-0.0434516203726,5979.341016054153,,0.0311632431888,37,0,36,17253,100.201,0.888664953411,1867033,-230.379196983,-1.82702422142,5
4883.10097249,483,-0.0420514619327,6057.907014369965,,0.030279381938,37,1,15,17188,99.827,0.903134547174,1867108,-228.983309337,-1.87033069134,36
2181.33513641,489,-0.0437423811915,6136.934279680252,,0.0309007533748,38,0,37,17742,101.538,0.708829313517,1916249,-236.110436445,-1.85323429108,16
4655.73205058,490,-0.0420750539148,6214.955384016037,,0.0293285423735,38,1,29,17678,99.874,0.912199765444,1915916,-202.79887428,-1.87142324448,37
2230.07329814,465,-0.0445652987983,6294.044001817703,,0.0344308735415,39,0,38,18207,101.528,0.854822009802,1964883,-228.71583097,-1.90576779842,31
4381.09717306,477,-0.0419640379065,6371.869914054871,,0.0307987126289,39,1,19,18155,103.035,0.841150179505,1964795,-182.685864086,-1.88620042801,38
2265.71141561,472,-0.0414520425111,6448.79910826683,,0.0341394201775,40,0,39,18679,104.278,0.910252481699,2014713,-230.876785282,-1.94354987144,9
4802.2802887,499,-0.0431220663013,6527.775154352188,,0.0305431907376,40,1,7,18654,104.039,0.902934841812,2014738,-188.297799369,-1.91223788261,39
2027.62242635,490,-0.0428006842994,6608.06125497818,,0.031594913026,41,0,40,19169,100.303,0.901355341077,2063640,-213.510499996,-1.98027837276,22
4504.2528127,486,-0.0407805718132,6686.293005943298,,0.0301269497722,41,1,14,19140,100.301,0.908573783934,2063893,-195.497554182,-1.92510247231,40
2153.58866119,478,-0.0409894914871,6763.651998996735,,0.0328342501307,42,0,41,19647,100.91,0.898170463741,2111877,-215.757665454,-2.007781744,41
4920.50361633,484,-0.0414301566974,6841.245076417923,,0.030574666763,42,1,9,19624,101.192,0.95244660601,2112691,-192.921500364,-1.93661546707,41
2486.71802521,482,-0.0417486074148,6920.376797914505,,0.0323477604737,43,0,42,20129,102.701,0.909720346332,2162167,-226.912650888,-2.03720331192,18
4312.57624308,492,-0.0416425858857,6998.1796135902405,,0.0305554754644,43,1,15,20116,101.922,0.933462463319,2161944,-174.903949313,-1.96617889404,42
2002.4918162,474,-0.0429564063864,7075.523911237717,,0.033399157847,44,0,43,20603,101.622,0.885155037045,2210801,-206.278880554,-2.06466794014,6
4557.55948893,508,-0.0412752584574,7154.989527225494,,0.0311435549908,44,1,36,20624,99.532,0.895046673715,2210986,-174.23510945,-1.97833395004,43
2300.73899714,506,-0.0413488161673,7232.300106287003,,0.0332741612025,45,0,44,21109,97.055,0.475597441196,2260206,-198.839580525,-2.11508512497,31
4544.83348592,529,-0.0412779447215,7310.120282649994,,0.0283871866607,45,1,11,21153,95.746,0.924946255982,2260329,-147.42549257,-1.98903691769,44
2585.04347992,490,-0.0395555968571,7388.040002822876,,0.034515277599,46,0,45,21599,96.279,0.924690544605,2309282,-164.520800562,-2.13610982895,17
5016.85247294,509,-0.0420192567787,7465.448218584061,,0.0299210213125,46,1,21,21662,98.42,0.924115501344,2309612,-177.363198734,-2.0134036541,45
2329.38304265,490,-0.0407148645027,7544.144008636475,,0.0338706634551,47,0,46,22089,98.638,0.81222012639,2358455,-181.556561057,-2.16721343994,41
5757.45127869,526,-0.0396058721041,7623.862002372742,,0.0299229841912,47,1,46,22188,96.262,0.905058391392,2358221,-151.53139072,-2.02209615707,46
2477.44715881,523,-0.0409029762474,7703.360554456711,,0.0348338565479,48,0,47,22612,93.251,0.786615774035,2408054,-186.610758181,-2.21838569641,36
5676.78623454,504,-0.0412209991094,7781.667003631592,,0.0292284700166,48,1,18,22692,96.604,0.890335649252,2407548,-164.227775661,-2.03713202477,47
2844.72015889,499,-0.0406890333397,7859.515001535416,,0.0342173332271,49,0,48,23111,97.732,0.952894710004,2456855,-167.908867904,-2.26349425316,46
5214.60177612,514,-0.0403220691078,7938.410000085831,,0.0291064104919,49,1,40,23206,96.335,0.780999571085,2456604,-136.57517338,-2.05495405197,48
3371.44511922,505,-0.0409129780116,8017.033221721649,,0.0330087958913,50,0,49,23616,96.564,0.73023852706,2506197,-150.856761611,-2.29278540611,11
6148.05473836,501,-0.0410560060409,8094.182552814484,,0.0315850966144,50,1,45,23707,98.287,0.939314976335,2506266,-166.645705864,-2.0685107708,49
3275.35929871,501,-0.0403034911045,8173.410582304001,,0.0353156285516,51,0,50,24117,98.317,0.949905715883,2555090,-181.061600486,-2.33345508575,16
5515.07339986,531,-0.0408560515886,8252.588194131851,,0.0300212210665,51,1,40,24238,94.75,0.796583935618,2555117,-117.735779905,-2.07794141769,50
2885.54028575,475,-0.0416207702801,8330.266655683517,,0.0363001283258,52,0,51,24592,97.384,0.903236709535,2604089,-140.235674088,-2.36608743668,15
4926.1093394,547,-0.0390066526209,8408.13954114914,,0.0304392154794,52,1,40,24785,96.306,0.81995216012,2604310,-107.202084317,-2.08077311516,51
3021.31015269,510,-0.0396424861004,8487.882693767548,,0.0349825785185,53,0,52,25102,94.669,0.9033677876,2653764,-165.872810197,-2.40567660332,50
7021.79969279,517,-0.0405089098592,8565.609004735947,,0.0322739235902,53,1,8,25302,96.079,0.834278315306,2653235,-153.067186589,-2.10384297371,52
3090.73292287,472,-0.0409447825999,8643.61100268364,,0.0354815827062,54,0,53,25574,97.929,0.872222825885,2701840,-150.664380089,-2.43939828873,10
5476.08640035,529,-0.0402619419619,8723.575452804565,,0.0314028170736,54,1,49,25831,97.61,0.900882408023,2702865,-109.3408616,-2.10956001282,53
4045.54995982,531,-0.0378825483397,8801.153156757355,,0.0350882930992,55,0,54,26105,93.667,0.6694688797,2751502,-170.79177603,-2.48724389076,43
6013.99771627,530,-0.0393089440574,8880.508846759796,,0.030004438983,55,1,49,26361,92.748,0.911496758461,2751416,-98.640403193,-2.11199378967,54
3922.47779338,483,-0.0396104027556,8960.37976717949,,0.0353517502081,56,0,55,26588,96.438,0.810576856136,2800389,-123.43058447,-2.51953172684,37
6282.45478312,522,-0.0399171537817,9039.962657213211,,0.0312647262278,56,1,4,26883,98.308,0.903795078397,2801268,-123.814208712,-2.1403195858,55
3311.30856578,505,-0.0395799859155,9120.947898864746,,0.0356154416998,57,0,56,27093,96.934,0.846689075232,2850007,-163.159937907,-2.5538315773,29
6433.1257782,537,-0.0409105025271,9202.046381950378,,0.031030765657,57,1,33,27420,94.662,0.877214960754,2849989,-91.7431196608,-2.15033006668,56
3985.35870361,492,-0.0404152227857,9283.131009578705,,0.0358736361377,58,0,57,27585,95.497,0.739009350538,2899409,-123.708262489,-2.58914923668,53
5915.97660319,532,-0.0411360944466,9362.189004659653,,0.0304377907887,58,1,34,27952,96.297,0.89930947125,2899205,-91.906688625,-2.15996646881,57
4535.08061727,509,-0.0394551639329,9442.16300368309,,0.0351241166548,59,0,58,28094,93.979,0.356252789497,2948257,-129.734470695,-2.63024878502,53
6151.74401855,528,-0.0409453860775,9520.581578969955,,0.0294185807385,59,1,41,28480,94.974,0.922214195132,2948458,-91.6143147848,-2.17500901222,58
3873.84523519,511,-0.0373403840349,9598.564198732376,,0.0369090662183,60,0,59,28605,95.074,0.868069469929,2997510,-154.275686636,-2.65612816811,1
6051.56342061,547,-0.039000500304,9677.258011341095,,0.0303719864072,60,1,12,29027,92.887,0.927191652358,2997528,-72.5579161322,-2.17563128471,59
3852.56713867,530,-0.0382330936942,9756.000683784485,,0.0366468729917,61,0,60,29135,90.132,0.507694363594,3046800,-157.488380227,-2.67833924294,26
7255.1251119,541,-0.0399449848531,9835.494010925293,,0.0295476140842,61,1,24,29568,91.312,0.918028220534,3046557,-84.1571962837,-2.19234824181,60
3291.49463908,533,-0.0399830762278,9914.567120313644,,0.0372049233411,62,0,61,29668,91.283,0.885314501822,3095972,-173.32248084,-2.70507955551,54
7027.43571472,528,-0.0409668919941,9993.881026506424,,0.0301710452186,62,1,46,30096,92.605,0.936847567558,3095916,-91.594723367,-2.20136070251,61
3760.7061882,520,-0.0397251603717,10071.122007608414,,0.0363220399401,63,0,62,30188,92.543,0.863174527884,3144866,-145.764925859,-2.73494625092,45
6721.30635579,563,-0.0398903630557,10150.81100988388,,0.0304359293077,63,1,3,30659,90.164,0.915514744818,3145293,-43.751453387,-2.22558021545,62
3790.20426941,525,-0.0393525106677,10230.106016159058,,0.0359461284243,64,0,63,30713,90.133,0.934231668711,3194410,-149.78842008,-2.76841187477,39
7452.97627767,561,-0.0399583731875,10308.646357059479,,0.0309040863843,64,1,30,31220,89.629,0.892031900585,3193943,-48.2507430973,-2.23313212395,63
5094.30411275,507,-0.0407742541186,10387.967004060745,,0.0387923146288,65,0,64,31220,91.563,0.855985283852,3243244,-127.215027201,-2.80680727959,4
8084.48706055,558,-0.0395832824967,10466.385583400726,,0.032321445217,65,1,24,31778,91.937,0.830024302006,3243157,-47.6251336216,-2.24194359779,64
5289.25063578,476,-0.0407868696978,10544.859266996384,,0.0386831041736,66,0,65,31696,95.002,0.787328153849,3291832,-88.4923182259,-2.84594321251,60
6995.88044739,543,-0.0391560139566,10623.815021753311,,0.0321600611787,66,1,54,32321,96.007,0.951979268342,3292095,-40.6384509496,-2.24152159691,65
5474.78931173,524,-0.0381368385861,10701.417407274246,,0.0383054090974,67,0,66,32220,92.338,0.891659483314,3340924,-125.907364166,-2.89314341545,52
7843.6900533,557,-0.0404021094388,10779.641699790955,,0.03052779745,67,1,8,32878,90.611,0.857872888446,3341580,-23.4231676584,-2.24716544151,66
5104.87402344,479,-0.0417036821406,10857.923144578934,,0.0389209065276,68,0,67,32699,95.841,0.915648557246,3390328,-73.806461606,-2.92985486984,49
8166.36371867,540,-0.0404648068458,10937.469017028809,,0.031402505391,68,1,55,33418,97.373,0.751174002886,3391132,-58.3429323702,-2.27252030373,67
5633.46240743,493,-0.0409220196695,11015.647004127502,,0.0382504531493,69,0,68,33192,95.782,0.892674490809,3439194,-100.973992352,-2.95031690598,61
8269.39391073,557,-0.03803715494,11096.29300904274,,0.0311410026237,69,1,40,33975,93.425,0.914133049548,3439973,-39.3527378687,-2.30095767975,68
6262.86557515,532,-0.0370539161959,11175.97507095337,,0.0364362013061,70,0,69,33724,90.738,0.665826380253,3489024,-152.123261733,-2.97265219688,36
8170.8346049,536,-0.0403605829924,11256.119005441666,,0.0304771643132,70,1,25,34511,92.671,0.886914640665,3488534,-45.7311424203,-2.30395364761,69
6325.99918111,483,-0.0415501485501,11335.909460067749,,0.0371467894098,71,0,70,34207,96.38,0.870859801769,3538321,-74.5564903359,-3.00388598442,38
9049.39777629,568,-0.0401052337256,11416.109002828598,,0.0313770995708,71,1,15,35079,94.15,0.692163914442,3538407,7.26830951353,-2.3175868988,70
6045.46544393,508,-0.0398528572987,11494.894642829895,,0.0403304801633,72,0,71,34715,92.237,0.911324299872,3587431,-107.778216816,-3.02537536621,21
7446.07677205,534,-0.040986248292,11574.716004133224,,0.03206095049,72,1,35,35613,93.721,0.920161396265,3587163,-45.5672229704,-2.33022141457,71
6849.45235189,502,-0.0402979052645,11654.302522659302,,0.0401389494073,73,0,72,35217,94.022,0.854686900973,3636197,-63.6238896441,-3.04924035072,15
7449.45988973,577,-0.0395614492202,11689.8405315876,,0.0301795690708,73,1,36,36190,90.831,0.960526768118,3636646,50.6570803463,-2.33770918846,72
6025.36474609,531,-0.039721434771,11725.198165893555,,0.0375436164128,74,0,73,35748,89.418,0.79520636797,3685907,-134.552591072,-3.07853269577,12
7957.69174194,558,-0.03827101843,11760.48101234436,,0.0306951537495,74,1,72,36748,90.028,0.710590600967,3685534,-8.34292057312,-2.34765481949,73
6487.99595133,515,-0.0409516348542,11795.974756240845,,0.0382778767962,75,0,74,36263,92.232,0.823432564735,3734790,-91.2915632381,-3.09287977219,69
9123.25089518,543,-0.0414573316618,11831.380886793137,,0.032599583695,75,1,51,37291,92.865,0.929311454296,3734973,-25.4440996399,-2.36193823814,74
6890.92096456,550,-0.0400728746511,11866.81540775299,,0.0378851798984,76,0,75,36813,89.881,0.753274008632,3783902,-162.583625154,-3.11793494225,26
9603.60366821,596,-0.040780564644,11902.39089179039,,0.0296529618402,76,1,40,37887,85.415,0.895069248974,3784080,48.4333898113,-2.37169766426,75
6793.2539978,524,-0.0411546843437,11937.802065849304,,0.0414673374034,77,0,76,37337,87.713,0.93623829633,3833082,-110.848514312,-3.15057849884,74
9163.22136434,583,-0.0386489660353,11972.938662052155,,0.0318775796331,77,1,46,38470,88.355,0.932416707277,3832684,45.2245897673,-2.38494896889,76
9321.03598022,504,-0.039026051197,12008.806578159332,,0.0421535056084,78,0,77,37841,90.949,0.860277444124,3882279,-60.6838080554,-3.17845201492,0
8535.00441488,570,-0.0404363824249,12044.476703882217,,0.0299456083449,78,1,69,39040,91.784,0.897002793849,3882197,52.8267450367,-2.39212679863,77
8740.25339254,505,-0.0403539388305,12080.283571481705,,0.0390482029567,79,0,78,38346,92.237,0.891930691898,3931220,-53.9363237196,-3.21057009697,42
10084.2040304,580,-0.0411625023116,12115.89748263359,,0.0306613768917,79,1,5,39620,89.911,0.916356615722,3931180,64.9802476461,-2.40745043755,78
9397.4656779,531,-0.0396014215657,12151.689128637314,,0.0371655413571,80,0,79,38877,89.359,0.74953392148,3980705,-113.556142178,-3.22639393806,56
11211.2024434,576,-0.040153286575,12187.353375196457,,0.033725717493,80,1,34,40196,89.425,0.93160507828,3980778,42.8946145377,-2.4100356102,79
8719.34943644,531,-0.0409061429236,12223.809185504913,,0.0377444713376,81,0,80,39408,88.527,0.773784071207,4029410,-107.305524724,-3.26304411888,25
11690.8495483,569,-0.0403944441932,12259.516916751862,,0.0302716880493,81,1,56,40765,87.902,0.943026460707,4029313,15.2595765141,-2.42571425438,80
8974.48469035,523,-0.0409873280441,12295.021941423416,,0.0383555947337,82,0,81,39931,90.596,0.501521974802,4079020,-128.141238893,-3.29249787331,52
10443.9262797,570,-0.0396747195142,12330.91028881073,,0.0324435476602,82,1,21,41335,90.24,0.940361034125,4078826,47.3124605744,-2.45705580711,81
7673.85966492,523,-0.0403592161601,12366.797833442688,,0.0377921640563,83,0,82,40454,88.659,0.890755772591,4127590,-75.8614828408,-3.30037212372,12
9863.67478434,561,-0.0402250086578,12402.723031759262,,0.0294840390561,83,1,62,41896,89.321,0.893925487995,4127623,41.664254286,-2.45988082886,82
8580.65587362,512,-0.041142334172,12438.839185714722,,0.0384193259136,84,0,83,40966,91.353,0.873755782843,4176753,-63.7041726493,-3.33197069168,14
11827.8010864,575,-0.0426557254735,12473.945735931396,,0.0297935527439,84,1,1,42471,89.454,0.87144780159,4177490,43.5330990354,-2.47998523712,83
10200.946757,506,-0.0403034608074,12509.793643951416,,0.0396479252571,85,0,84,41472,91.793,0.842901527882,4226197,-72.6358859145,-3.34612584114,74
13747.1068726,588,-0.0389144782045,12545.939916610718,,0.0307177670766,85,1,77,43059,88.907,0.880678854883,4226411,66.0763870558,-2.49002718925,84
10872.3792521,531,-0.037784337978,12581.547186374664,,0.0410000285289,86,0,85,42003,87.789,0.824112027884,4275263,-97.9694165174,-3.39446592331,5
13245.6025594,600,-0.0397255036611,12617.116019487381,,0.031740693065,86,1,81,43659,85.253,0.887091673911,4275582,98.0539418674,-2.51338505745,85
10549.7497559,551,-0.0410455220748,12652.968426465988,,0.0402965693114,87,0,86,42554,86.006,0.849224954844,4324921,-113.928496274,-3.42985367775,62
10243.8528544,587,-0.0393063021572,12688.495950937271,,0.0284058508696,87,1,64,44246,86.729,0.948797814548,4324857,105.566813386,-2.53436255455,86
9321.45188395,518,-0.0398552690943,12724.025446891785,,0.0397922862321,88,0,87,43072,87.864,0.899857670069,4372684,-58.9758433008,-3.42798185349,9
10790.955719,568,-0.0393832625317,12759.799069404602,,0.0313902166284,88,1,28,44814,88.751,0.887405142188,4373260,57.8010101351,-2.5472176075,87
10744.5213318,498,-0.0402972685988,12795.397495269775,,0.0418324686276,89,0,88,43570,92.709,0.838066235185,4422817,-35.3221176648,-3.44580507278,39
13114.5205282,587,-0.0391933606588,12831.139559030533,,0.0307757558379,89,1,61,45401,91.745,0.900674141943,4422934,116.014363986,-2.55936336517,88
12218.4483236,530,-0.0419720015392,12867.047942638397,,0.0411577244134,90,0,89,44100,88.135,0.788796126842,4472265,-50.6697211959,-3.46782040596,34
12769.7177633,578,-0.0395327801137,12903.211548566818,,0.0317700763699,90,1,14,45979,87.689,0.927369192243,4471731,102.548204387,-2.57657551765,89
11608.5741882,521,-0.0420624300799,12939.196291446686,,0.0395303897094,91,0,90,44621,88.598,0.892304711044,4521013,-68.1615618288,-3.48549103737,52
13709.8234863,581,-0.0397173854484,12974.968589305878,,0.0319750374959,91,1,53,46560,86.892,0.952087648213,4521389,81.3623185804,-2.58776688576,90
12807.787679,520,-0.0406626004066,13010.943428516388,,0.0385993847158,92,0,91,45141,90.144,0.861642479897,4570500,-77.2360851326,-3.4982919693,69
12480.6795349,593,-0.0383516029106,13046.58031797409,,0.0298069759738,92,1,75,47153,87.333,0.712650030851,4570312,113.845898834,-2.59816789627,91
12087.4873047,505,-0.0415827924929,13082.403284072876,,0.0416661169535,93,0,92,45646,89.983,0.886438585818,4619354,-31.5770170913,-3.52330231667,54
12970.7702738,595,-0.0395265294258,13118.021581888199,,0.0319521488855,93,1,32,47748,88.436,0.894883565605,4619682,150.03546116,-2.61466312408,92
13274.9817098,529,-0.0419076641071,13154.009557723999,,0.0411515683712,94,0,93,46175,88.182,0.816904038191,4668490,-65.2168441273,-3.57011246681,92
13914.9359843,607,-0.0404998667073,13189.648888349533,,0.0294552643318,94,1,58,48355,85.948,0.91959156841,4668659,174.098895944,-2.62650299072,93
11518.8149923,530,-0.0412832257328,13225.278219223022,,0.0397571142918,95,0,94,46705,86.267,0.821564897895,4717769,-87.7387626001,-3.57734441757,89
12546.5457764,613,-0.0393720596912,13260.980338335037,,0.0291889016517,95,1,53,48968,85.523,0.877599410713,4718050,179.284839473,-2.638920784,94
12997.2111613,537,-0.041785347062,13296.766152143478,,0.0392233585784,96,0,95,47242,87.213,0.712527573109,4767066,-69.4119979125,-3.59637856483,3
12198.253835,593,-0.0410964062127,13332.31029677391,,0.0313748837604,96,1,37,49561,86.056,0.912598349154,4767185,145.996329777,-2.64851713181,95
15056.6101481,518,-0.0408885984701,13368.245146036148,,0.0398063162963,97,0,96,47760,88.643,0.426633536816,4816012,-29.541877916,-3.61810207367,61
12934.8473307,591,-0.0389116220467,13404.221086263657,,0.0334349292098,97,1,92,50152,88.177,0.729223668575,4816052,156.676926684,-2.66662621498,96
15846.8957926,495,-0.0417127845576,13440.451768398285,,0.0423616266344,98,0,97,48255,91.771,0.86385217309,4865598,22.6673772356,-3.64622759819,34
13439.8262533,595,-0.0388881748853,13476.279235601425,,0.0302881217406,98,1,79,50747,90.412,0.904171861708,4865488,199.662474128,-2.67472648621,97
15750.5455729,490,-0.0404601164434,13512.266484498978,,0.040765200664,99,0,98,48745,90.692,0.852179184556,4914126,56.2571764012,-3.67009234428,81
13999.8180644,561,-0.0417799385323,13548.01655125618,,0.0313244014978,99,1,21,51308,92.224,0.893983989954,4914251,102.281671737,-2.66294240952,98
16249.5304362,514,-0.041580240281,13583.903324127197,,0.0403536420781,100,0,99,49259,91.367,0.766649782658,4963481,-32.7842748202,-3.68878269196,20
16091.0514526,597,-0.0401237583719,13619.749839305878,,0.0306584096591,100,1,78,51905,89.41,0.634797900915,4963902,154.948042498,-2.66992211342,99
15402.1943156,546,-0.0418695408249,13655.41674566269,,0.0362742453193,101,0,100,49805,86.692,0.833579793572,5012047,-110.017211046,-3.71099472046,41
14327.3963826,588,-0.0403399254719,13691.54035282135,,0.0306172191243,101,1,47,52493,85.239,0.91577308625,5012990,139.0,-2.68155813217,100
15527.9963175,520,-0.0425824939739,13727.496604919434,,0.0381077406928,102,0,101,50325,89.846,0.865339979529,5061987,-24.0,-3.73378014565,68
15739.56368,608,-0.0381215602586,13763.336598157883,,0.0317218004493,102,1,53,53101,88.445,0.900399342179,5062083,190.0,-2.70900225639,101
14256.4509888,534,-0.0415013770495,13799.097631692886,,0.0403724172308,103,0,102,50859,87.415,0.881506226957,5111332,-65.0,-3.75152468681,51
13926.8003438,602,-0.0398916814108,13834.763603448868,,0.0308550233409,103,1,77,53703,84.968,0.875446408987,5111238,192.0,-2.73331952095,102
14510.0010579,536,-0.0407015214538,13870.508776903152,,0.0407409867427,104,0,103,51395,85.754,0.90023213625,5160136,-42.0,-3.77442717552,75
16236.4944661,593,-0.0395106737172,13906.10148024559,,0.0312404981426,104,1,6,54296,87.074,0.944348461926,5160062,153.0,-2.75557112694,103
14461.6882121,523,-0.0390155744002,13941.946717262268,,0.0435959484894,105,0,104,51918,88.446,0.82393835485,5209745,-52.0,-3.79504370689,8
16910.884908,582,-0.0402261674462,13977.565286159515,,0.0319559461204,105,1,20,54878,89.496,0.958546727896,5209370,121.0,-2.76784300804,104
15734.6054891,493,-0.0417485618382,14013.415827512741,,0.0409526619284,106,0,105,52411,90.783,0.887554951012,5258200,-3.0,-3.81299161911,19
14726.7011515,614,-0.040799908728,14049.103226184845,,0.0302337248965,106,1,39,55492,84.919,0.87811819464,5258579,212.0,-2.78185987473,105
11471.824646,522,-0.0406312556394,14084.834380626678,,0.0430542115743,107,0,106,52933,88.609,0.699270963669,5307950,-52.0,-3.82402276993,25
14806.5786133,600,-0.0379040776752,14120.697053909302,,0.0313534484012,107,1,68,56092,86.831,0.83106815815,5307916,165.0,-2.7918035984,106
15017.3364461,519,-0.0430420297004,14156.378759384155,,0.0399395703959,108,0,107,53452,88.613,0.886051863432,5357058,-22.0,-3.86529922485,39
14259.328064,597,-0.0379456711623,14192.192512989044,,0.0310852945161,108,1,90,56689,85.678,0.766377493739,5357116,173.0,-2.79156374931,107
14211.050944,554,-0.040410609198,14228.101714849472,,0.0387290394089,109,0,108,54006,84.926,0.924914546311,5405921,-100.0,-3.8924100399,21
12798.9902242,605,-0.0398634369679,14264.062739610672,,0.0302946485657,109,1,10,57294,84.525,0.894920945168,5406237,205.0,-2.80713438988,108
15333.9172363,546,-0.0410981299356,14299.84734582901,,0.041267108017,110,0,109,54552,85.64,0.813259884715,5455294,-37.0,-3.91649150848,40
16780.3421224,595,-0.0390881465961,14335.735488414764,,0.0331619903445,110,1,107,57889,86.147,0.879592888057,5455479,172.0,-2.82478952408,109
13740.730835,555,-0.0402148546321,14371.509463071823,,0.0395476418392,111,0,110,55107,86.344,0.84595683217,5504472,-119.0,-3.93580627441,25
14899.5381063,591,-0.0386619875596,14407.69308757782,,0.0301551220473,111,1,89,58480,85.742,0.680313587189,5504616,146.0,-2.83331155777,110
15718.1278483,483,-0.0409498683002,14443.607948303223,,0.0402221899324,112,0,111,55590,92.354,0.863815233111,5553364,56.0,-3.95922780037,29
15901.3924561,620,-0.0396069785153,14479.42500114441,,0.0314660312142,112,1,87,59100,86.815,0.835040196776,5553673,232.0,-2.8521938324,111
14478.825826,525,-0.0413736050832,14515.324724435806,,0.0389453798998,113,0,112,56115,86.693,0.861788451672,5602493,-26.0,-3.97486877441,9
15276.7332967,589,-0.0390618312134,14551.286719799042,,0.0299879610927,113,1,105,59689,87.039,0.500836133957,5602736,162.0,-2.88457751274,112
17697.366394,556,-0.0391086778739,14587.159155845642,,0.0387804935842,114,0,113,56671,86.105,0.853394195437,5651710,-81.0,-3.99823355675,6
14033.4235229,598,-0.0406367944864,14623.034784793854,,0.030425361474,114,1,34,60287,84.293,0.916422218084,5652044,179.0,-2.88484668732,113
13742.2017619,520,-0.0397092573112,14658.92100405693,,0.0388988828442,115,0,114,57191,89.129,0.883823923767,5701037,-38.0,-4.02636623383,66
13965.6241862,626,-0.0383630343276,14694.786818027496,,0.0289228822415,115,1,35,60913,84.332,0.88809774816,5700958,216.0,-2.89898180962,114
12525.2003988,555,-0.0380961827856,14730.630832910538,,0.0436811246133,116,0,115,57746,84.58,0.864160895348,5750335,-107.0,-4.04755878448,98
13402.7701619,627,-0.0395512457665,14766.780731916428,,0.0318880995037,116,1,31,61540,83.727,0.88563003391,5750360,231.0,-2.91636109352,115
13003.4160767,541,-0.0406734904779,14802.646782398224,,0.0405650385655,117,0,116,58287,84.824,0.906817235053,5798856,-64.0,-4.06585836411,41
13892.6592,637,-0.0368275703319,14838.60108923912,,0.0295520814058,117,1,64,62177,81.812,0.897856228054,5799172,232.0,-2.92049098015,116
15108.3187866,538,-0.0408504592973,14874.735252380371,,0.0399101931447,118,0,117,58825,84.826,0.897985748947,5848393,-46.0,-4.08032512665,52
14721.7603149,617,-0.038538309794,14910.840501785278,,0.0315780612485,118,1,78,62794,85.171,0.784375920892,5848704,204.0,-2.93406605721,117
14213.3220113,531,-0.0403365245341,14947.001518726349,,0.0432353381378,119,0,118,59356,86.228,0.875965423882,5897041,-58.0,-4.09998703003,22
16409.565979,600,-0.0375567348286,14982.965546369553,,0.0314023098908,119,1,22,63394,84.846,0.894663870335,5897649,170.0,-2.95076131821,118
12965.2074788,548,-0.0397726063966,15019.040563583374,,0.0404629430268,120,0,119,59904,86.603,0.859777092934,5946495,-96.0,-4.12872600555,72
13797.4523417,619,-0.0382541570386,15055.184612035751,,0.0314657639634,120,1,63,64013,84.023,0.86491009593,5946807,212.0,-2.94889712334,119
16813.0590007,511,-0.0386975007132,15091.356431484222,,0.0426154270923,121,0,120,60415,88.349,0.841061964631,5995714,9.0,-4.16084098816,1
13893.7644857,609,-0.03793491817,15127.388666391373,,0.0314608201928,121,1,12,64622,85.802,0.933639518917,5995470,217.0,-2.9614880085,120
16939.9928385,538,-0.0387303877311,15163.528596162796,,0.0421439541969,122,0,121,60953,86.805,0.918938241899,6044845,-57.0,-4.18925333023,110
16243.5436808,625,-0.0384914681199,15199.465368270874,,0.0315968847523,122,1,95,65247,82.327,0.812480926514,6045062,207.0,-2.96443200111,121
13730.4533895,539,-0.0406485880958,15235.481434583664,,0.0399897981746,123,0,122,61492,85.251,0.875747725368,6094438,-72.0,-4.20532131195,66
17044.189738,635,-0.040003244639,15271.66524028778,,0.0304675243484,123,1,27,65882,82.344,0.917428471148,6094345,228.0,-2.98485946655,122
15470.1093852,521,-0.0406344106498,15308.246809482574,,0.0403826644955,124,0,123,62013,86.284,0.85014680028,6143251,-34.0,-4.2380490303,94
16442.4116211,609,-0.0385153816702,15344.3350212574,,0.0313937327204,124,1,114,66491,85.567,0.636997193098,6143578,176.0,-3.00280332565,123
16810.3259481,499,-0.0404454798263,15380.490072250366,,0.0411191058035,125,0,124,62512,90.038,0.775363340974,6191970,,-4.25117731094,104
15131.1182861,642,-0.0380547249806,15416.510329961777,,0.0297934185946,125,1,107,67133,84.251,0.859817892313,6192294,273.0,-3.02875232697,124
16653.1523031,525,-0.0401974860821,15452.652249574661,,0.0422430788943,126,0,125,63037,85.112,0.882696412504,6240981,-22.0,-4.25398254395,88
13030.4463298,636,-0.0383278095687,15488.591569900513,,0.0306815651323,126,1,118,67769,83.477,0.893406711519,6241864,268.0,-3.04205203056,125
17300.0939128,535,-0.0396358665991,15524.805505752563,,0.0404390858021,127,0,126,63572,85.34,0.890773437917,6290488,-29.0,-4.27830934525,104
14170.6655884,603,-0.0397894738029,15560.885005950928,,0.0304678407653,127,1,115,68372,86.83,0.950329393148,6290820,181.0,-3.03888320923,126
15102.5587769,531,-0.0398359374085,15597.219567775726,,0.0418059983446,128,0,127,64103,86.737,0.934383459389,6339701,-57.0,-4.2909617424,50
15010.2856547,645,-0.037828870952,15633.58600640297,,0.0306128214579,128,1,104,69017,82.611,0.724031150341,6339953,287.0,-3.06549453735,127
16384.2377319,530,-0.0395677462511,15669.701964378357,,0.0403954865566,129,0,128,64633,85.852,0.873782545328,6389242,-34.0,-4.31486272812,91
13509.8302917,662,-0.0398314853034,15705.851943731308,,0.0299625796809,129,1,7,69679,81.323,0.897555410862,6389239,312.0,-3.08815073967,128
15787.8584188,527,-0.0412056378069,15742.22277212143,,0.0417242466162,130,0,129,65160,84.615,0.903681509197,6438504,-17.0,-4.34704494476,44
13619.0676575,642,-0.0401791775657,15778.424718856812,,0.0295031538311,130,1,93,70321,82.342,0.782082945108,6438284,270.0,-3.10017371178,129
15798.5615031,545,-0.0392476745765,15814.579080343246,,0.0403461771396,131,0,130,65705,84.02,0.884290359914,6487107,-65.0,-4.36670303345,14
14271.9252421,624,-0.0383773741196,15851.081240653992,,0.0316943871633,131,1,29,70945,82.904,0.927114851773,6487498,239.0,-3.10760378838,130
15561.7501729,525,-0.0387271090682,15887.238157510757,,0.040883530785,132,0,131,66230,87.355,0.883459992707,6536611,-17.0,-4.37471389771,100
13679.9950968,650,-0.0379959946925,15923.524013519287,,0.031508832355,132,1,120,71595,80.608,0.916242964566,6536194,278.0,-3.10392427444,131
13746.4508057,557,-0.0386597825175,15959.931877851486,,0.040837634122,133,0,132,66787,82.448,0.801970407367,6585832,-95.0,-4.40070152283,56
13739.005127,627,-0.0379124928925,15996.077094078064,,0.0317488635968,133,1,105,72222,82.66,0.878408722579,6585463,216.0,-3.11287355423,132
13990.895752,560,-0.039082609379,16032.295034646988,,0.0404025181973,134,0,133,67347,83.406,0.919544629753,6634952,-92.0,-4.42264890671,24
12473.4076436,613,-0.0377471316994,16068.588269472122,,0.0335217822576,134,1,27,72835,82.9,0.891645133495,6634889,222.0,-3.13103795052,133
16009.3758545,536,-0.0380041446964,16104.98045015335,,0.0427544422758,135,0,134,67883,86.825,0.805794805288,6683998,-40.0,-4.45149421692,56
12430.6111348,635,-0.0393791344056,16141.063003540039,,0.0301445547957,135,1,30,73470,83.663,0.831699132919,6684222,258.0,-3.16590833664,134
13928.7326762,538,-0.036928391899,16177.285626888275,,0.045154711154,136,0,135,68421,85.561,0.848708257079,6733191,-46.0,-4.4790725708,54
12030.8761902,649,-0.037414314332,16213.543921232224,,0.0301996977457,136,1,44,74119,82.192,0.825840234756,6733516,280.0,-3.18048119545,135
16580.8981934,510,-0.0385997742026,16249.959142923355,,0.0436350080806,137,0,136,68931,86.533,0.769330456853,6782033,-4.0,-4.50115203857,10
14152.1086324,648,-0.0390632637136,16286.381175279617,,0.0331187570312,137,1,85,74767,82.699,0.818092659116,6782408,268.0,-3.19952011108,136
14552.0779215,516,-0.0390801683728,16322.80700469017,,0.042048178846,138,0,137,69447,85.569,0.824833616614,6831016,-36.0,-4.5379743576,18
12501.304484,652,-0.038262661139,16359.079169273376,,0.0297135188011,138,1,125,75419,80.905,0.965859141201,6831788,261.0,-3.21430897713,137
13861.3842875,551,-0.0392120689891,16395.36272931099,,0.0420059005264,139,0,138,69998,83.347,0.880823172629,6880733,-77.0,-4.55421257019,19
14800.3163757,623,-0.0387972655493,16431.72134757042,,0.0327077969753,139,1,93,76042,82.593,0.848561152816,6880229,203.0,-3.21867012978,138
13608.0666504,554,-0.0377797784361,16468.035356998444,,0.0426967456006,140,0,139,70552,82.888,0.873268410563,6929811,-81.0,-4.58012866974,99
13803.6535645,637,-0.0386796863847,16504.26721429825,,0.0313941821223,140,1,27,76679,81.849,0.949869778007,6929947,252.0,-3.21820425987,139
17435.4100749,530,-0.0380102165606,16540.642019987106,,0.0438680939842,141,0,140,71082,85.79,0.845657721162,6979004,-16.0,-4.59697437286,106
14062.4901021,677,-0.036828468156,16576.642596960068,,0.0301020184609,141,1,73,77356,79.116,0.636381477118,6979185,334.0,-3.23009800911,140
14327.4083659,547,-0.0394849410416,16612.812651872635,,0.0422097555517,142,0,141,71629,81.71,0.914201036096,7027981,-70.0,-4.63030099869,109
11759.1951904,673,-0.0371180331082,16648.84911417961,,0.0287202129839,142,1,1,78029,78.279,0.799020990729,7028390,323.0,-3.24407505989,141
15194.6552022,541,-0.0402825110165,16685.078862428665,,0.0439583497743,143,0,142,72170,82.773,0.867277279496,7076934,-68.0,-4.65269756317,80
12517.6711731,686,-0.0351087514525,16721.326464414597,,0.032878346392,143,1,24,78715,77.001,0.933695755899,7077362,338.0,-3.26849389076,142
13779.0326742,538,-0.0388833772546,16757.519708395004,,0.043943669647,144,0,143,72708,81.828,0.925624638796,7125819,-37.0,-4.67829561234,127
11501.2102763,642,-0.0367888593173,16793.693415880203,,0.0321174976804,144,1,108,79357,81.772,0.898513041437,7125888,277.0,-3.27742242813,143
14764.0202535,530,-0.0377799425623,16829.97782111168,,0.0433256657173,145,0,144,73238,85.915,0.789413496852,7175663,-31.0,-4.70457983017,35
9619.97374471,696,-0.0346811222553,16866.073222398758,,0.0275872382723,145,1,26,80053,77.188,0.893664270639,7175574,397.0,-3.30363512039,144
13830.8224386,527,-0.0401543210513,16902.326201438904,,0.0425001968785,146,0,145,73765,81.887,0.885917678475,7224116,-2.0,-4.73505926132,93
10827.8304443,680,-0.0379820093416,16938.692119836807,,0.0295455596255,146,1,21,80733,78.005,0.929929353297,7224933,341.0,-3.30064439774,145
13428.3631388,544,-0.0387653156649,16975.347287893295,,0.0424956487647,147,0,146,74309,81.912,0.861711293459,7273760,-55.0,-4.7568230629,110
13288.6400757,647,-0.0361617879826,17011.38238286972,,0.0300443839515,147,1,6,81380,81.458,0.945216529071,7273722,278.0,-3.28443813324,146
14854.6602173,520,-0.0388238691861,17047.65279173851,,0.0446324198662,148,0,147,74829,85.246,0.867074638605,7322833,-14.0,-4.77335691452,135
12437.6203105,655,-0.0360046844726,17083.78400540352,,0.0321291090998,148,1,95,82035,81.24,0.927251264453,7323046,292.0,-3.28825426102,147
14647.6112264,548,-0.0404360881948,17120.031491279602,,0.041011917172,149,0,148,75377,82.465,0.84986795485,7371908,-64.0,-4.7895989418,60
12290.8885701,672,-0.0367599494736,17156.258848190308,,0.0325912829333,149,1,104,82707,78.409,0.865680485964,7372192,325.0,-3.31016659737,148
15937.8780314,501,-0.0394413346464,17192.690128326416,,0.0420812222486,150,0,149,75878,85.627,0.884604282677,7421251,35.0,-4.80732297897,27
14682.2210693,654,-0.0364263751544,17229.065910816193,,0.0314182488558,150,1,128,83361,82.818,0.856375411153,7421097,290.0,-3.32098412514,149
15611.4110718,545,-0.0378616386345,17265.717393636703,,0.0433164959929,151,0,150,76423,83.682,0.924889005721,7470537,-57.0,-4.83594703674,50
11316.0016276,652,-0.0375636824368,17301.87699866295,,0.0321076540276,151,1,45,84013,80.185,0.731586545706,7469681,289.0,-3.32524180412,150
14353.7869263,522,-0.0388080315509,17338.286439180374,,0.0435666542811,152,0,151,76945,84.052,0.905558124185,7519011,2.0,-4.85120677948,18
12785.4783376,678,-0.0370114143589,17374.84163594246,,0.0310968975537,152,1,65,84691,79.375,0.904218375683,7519674,335.0,-3.34165668488,151
14012.1139526,515,-0.0387977429782,17411.366178035736,,0.0436825205106,153,0,152,77460,84.684,0.848184332252,7568617,-6.0,-4.88069963455,46
11091.035848,670,-0.0377109567829,17447.763258218765,,0.0322467909039,153,1,58,85361,81.283,0.860191270709,7568965,330.0,-3.35090827942,152
16084.7149658,511,-0.0389976288425,17484.09555363655,,0.0442982538758,154,0,153,77971,86.125,0.916667833924,7618094,21.0,-4.89648151398,13
13095.7056885,670,-0.0358915448887,17520.375373601913,,0.0315550152833,154,1,147,86031,80.548,0.938878942281,7618109,311.0,-3.35801768303,153
13797.1062215,541,-0.0398696820678,17556.69472384453,,0.0436400865826,155,0,154,78512,82.571,0.808671206236,7667133,-80.0,-4.91089105606,24
10864.5886536,678,-0.0358494127092,17592.81843304634,,0.0289650676229,155,1,33,86709,79.061,0.952358137816,7667185,339.0,-3.37524533272,154
15504.9023641,508,-0.0369510252979,17629.09800338745,,0.045512346318,156,0,155,79020,85.62,0.850593164563,7716360,35.0,-4.93672084808,43
13462.5431925,666,-0.0368871415073,17665.570776700974,,0.0305930778462,156,1,131,87375,81.38,0.900454469025,7716396,325.0,-3.38365268707,155
14113.7674764,570,-0.0389357564757,17702.168439149857,,0.0443973705017,157,0,156,79590,81.003,0.846926808357,7765170,-125.0,-4.96977519989,75
10378.5865784,691,-0.0351117355652,17738.371477365494,,0.0305626535555,157,1,142,88066,75.016,0.706238269806,7765491,372.0,-3.39569211006,156
15355.6758423,549,-0.0393898042579,17774.881149053574,,0.0435042460449,158,0,157,80139,81.891,0.821895822883,7814701,-55.0,-4.98498439789,26
11982.5793152,690,-0.0368112758733,17811.35807609558,,0.0301282897514,158,1,104,88756,75.573,0.920893400908,7814375,351.0,-3.41026067734,157
14463.2402751,543,-0.0392951184767,17848.180302619934,,0.0430629355057,159,0,158,80682,80.429,0.90703086555,7863589,-56.0,-5.00435781479,64
13237.4142253,675,-0.0374670794699,17884.47609758377,,0.029617638754,159,1,104,89431,77.442,0.795253291726,7863875,322.0,-3.42259287834,158
12332.4436849,541,-0.0375273556856,17921.10940694809,,0.0428308394427,160,0,159,81223,83.923,0.913189150393,7912805,-70.0,-5.03929758072,109
11427.8592529,703,-0.0346655925678,17957.463088035583,,0.0306081959279,160,1,50,90134,75.673,0.874872148037,7912811,384.0,-3.43480086327,159
15886.1892293,487,-0.0399517846818,17994.229818820953,,0.0447039667827,161,0,160,81710,85.112,0.85472612083,7961989,67.0,-5.07153558731,23
11177.8421936,675,-0.0361726225043,18030.617619276047,,0.028760128771,161,1,6,90809,82.076,0.941317964345,7962213,370.0,-3.43652701378,160
15978.0333252,527,-0.0390515928642,18067.35708117485,,0.0459991388489,162,0,161,82237,83.598,0.749948829412,8010868,6.0,-5.10453701019,33
10168.7513123,697,-0.0363109113629,18103.91722536087,,0.0290019650323,162,1,104,91506,75.9,0.751658543944,8011169,382.0,-3.44011044502,161
13137.5612895,528,-0.0401027529539,18140.359513759613,,0.0428854434285,163,0,162,82765,82.41,0.926140315831,8060112,-20.0,-5.1302022934,134
12226.7499695,672,-0.0370029323967,18177.169377088547,,0.029870742932,163,1,148,92178,80.265,0.939287159592,8060220,333.0,-3.45640420914,162
12898.8318176,579,-0.037827261937,18213.871119499207,,0.0443075828565,164,0,163,83344,79.067,0.925656102598,8108954,-123.0,-5.14298057556,142
10577.1800283,674,-0.0363800719303,18250.47559404373,,0.0300357767846,164,1,1,92852,77.191,0.918041869998,8109382,336.0,-3.4688243866,163
15552.9641927,568,-0.0364114273786,18286.963354349136,,0.0458599398068,165,0,164,83912,81.282,0.705745220184,8158642,-86.0,-5.16706991196,111
11347.6669108,685,-0.0354483490907,18323.477431297302,,0.0323111142886,165,1,153,93537,75.627,0.855516031384,8158803,350.0,-3.47760438919,164
12572.5471497,553,-0.0398959314431,18360.90269136429,,0.0431182500906,166,0,165,84465,81.069,0.880702495575,8207376,-94.0,-5.19571685791,130
15044.8479309,663,-0.0366376715441,18398.110300540924,,0.033262570117,166,1,84,94200,79.728,0.922909200191,8207937,271.0,-3.47033667564,165
13308.0228678,541,-0.0397055867361,18434.617374420166,,0.0418142837783,167,0,166,85006,85.076,0.872120395303,8256902,-78.0,-5.2001490593,45
11882.3667297,685,-0.035974252872,18471.285922527313,,0.0303103178351,167,1,66,94885,78.608,0.925632178783,8257069,357.0,-3.48028469086,166
15673.9177856,540,-0.036032830918,18507.893020153046,,0.0473237332578,168,0,167,85546,82.377,0.812229439616,8305618,-55.0,-5.21671867371,60
11429.714325,694,-0.0368960583874,18544.47683763504,,0.0315416083516,168,1,37,95579,75.232,0.671447306871,8306058,363.0,-3.4948117733,167
15556.1436971,529,-0.0375885490842,18581.267596960068,,0.0460692033327,169,0,168,86075,82.928,0.875741571188,8355051,-21.0,-5.24250745773,134
10334.3449809,703,-0.0365024140337,18618.303005695343,,0.0281817845146,169,1,116,96282,77.518,0.931942403316,8355462,383.0,-3.49504303932,168
13250.978597,547,-0.0353296991865,18655.11426973343,,0.0476953037238,170,0,169,86622,81.123,0.894858784974,8404481,-76.0,-5.24439573288,11
10447.4029541,698,-0.0352530343031,18691.749690294266,,0.0297090565631,170,1,133,96980,76.735,0.881680905819,8404456,368.0,-3.50807285309,169
12855.0706177,576,-0.0396812388693,18728.636785268784,,0.0448890302796,171,0,170,87198,79.922,0.79833316803,8453630,-144.0,-5.26815128326,130
10494.7591044,680,-0.0362245520422,18765.555406093597,,0.0301283638303,171,1,62,97660,78.257,0.864181190729,8453367,337.0,-3.52064704895,170
13791.3602295,564,-0.0376198286055,18802.365203380585,,0.0448839033488,172,0,171,87762,81.249,0.918318077922,8502876,-81.0,-5.29117298126,88
12211.131424,691,-0.0357058147153,18838.99381160736,,0.0281626300421,172,1,126,98351,77.009,0.890258334577,8502804,349.0,-3.53399610519,171
13435.7564189,553,-0.0382351940886,18875.781004667282,,0.0456572295322,173,0,172,88315,80.478,0.903737731278,8551457,-93.0,-5.31055784225,116
12443.7966614,700,-0.0354216809452,18912.21585059166,,0.0309675228006,173,1,67,99051,74.267,0.799869835377,8552085,349.0,-3.54020524025,172
13583.3173116,562,-0.0372832838621,18948.737255573273,,0.0437659399273,174,0,173,88877,80.696,0.742088764906,8601081,-118.0,-5.34410667419,128
11189.2036997,690,-0.0353748448639,18985.156819581985,,0.0315530973797,174,1,3,99741,77.192,0.92289429158,8600903,375.0,-3.54167079926,173
13725.5451864,523,-0.0360970427767,19021.80316734314,,0.0476878207798,175,0,174,89400,83.321,0.774796292186,8649386,-16.0,-5.36402511597,98
12473.6578725,672,-0.0331411866549,19058.51517391205,,0.0321256691047,175,1,25,100413,76.331,0.885552287102,8650329,296.0,-3.55395913124,174
13275.3068848,515,-0.0374218247986,19095.21617126465,,0.0470494081577,176,0,175,89915,85.797,0.916634336114,8699376,-10.0,-5.39342212677,90
10715.1908773,698,-0.0370426499091,19131.862490177155,,0.0293403894563,176,1,173,101111,79.591,0.873227506876,8699178,390.0,-3.56359839439,175
14369.7302348,530,-0.0373768798745,19168.003835439682,,0.0484624564803,177,0,176,90445,81.952,0.868320897222,8747974,-20.0,-5.41589069366,55
9774.67718506,726,-0.0355162811854,19204.833607673645,,0.0290712442948,177,1,161,101837,73.072,0.942262157798,8748475,432.0,-3.57922387123,176
13208.1270854,562,-0.0378820924476,19241.68538737297,,0.0436650513827,178,0,177,91007,79.295,0.784041911364,8797770,-102.0,-5.43847560883,25
9749.86478678,722,-0.0342637266052,19278.28182053566,,0.0301944806706,178,1,136,102559,73.208,0.961985487491,8797861,420.0,-3.58427286148,177
12930.7226969,523,-0.0372221498886,19315.149463891983,,0.0488340638112,179,0,178,91530,80.203,0.912478104234,8845527,-14.0,-5.45250606537,86
10201.5201162,706,-0.0346986889587,19351.839166402817,,0.0292599601283,179,1,67,103265,75.845,0.892893478274,8846869,385.0,-3.60913062096,178
15671.3757019,527,-0.0369808848094,19387.87217116356,,0.0442798389898,180,0,179,92057,82.599,0.866550266743,8895698,-7.0,-5.48131418228,15
8468.85423279,716,-0.0352423858518,19424.615005016327,,0.0272471051042,180,1,108,103981,76.787,0.929724223912,8896025,436.0,-3.62194395065,179
14350.1970418,592,-0.0357171567836,19461.580600738525,,0.0476503221629,181,0,180,92649,76.524,0.683828830719,8944590,-129.0,-5.51326370239,91
11600.5583293,724,-0.0358379854103,19498.255212545395,,0.0293559435134,181,1,151,104705,70.569,0.919471032917,8945013,402.0,-3.62524819374,180
11341.058548,580,-0.0367211539318,19535.27643918991,,0.044107742918,182,0,181,93229,78.272,0.839134171605,8994251,-144.0,-5.5345454216,173
12313.6083781,716,-0.0379629038895,19572.116825819016,,0.0308926198632,182,1,72,105421,74.868,0.817623242736,8994327,407.0,-3.61366009712,181
13441.5013123,564,-0.0391772006794,19608.79194188118,,0.0474280996714,183,0,182,93793,79.502,0.567618101835,9043395,-110.0,-5.55672931671,170
